suburb,settlement_context,recent_growth_21_24,facilities_per_1000_2024,population_2024
Hoppers Crossing - North,Established areas,-0.013238998767218738,2.72,18410
Hoppers Crossing - South,Established areas,-0.001263756516244537,2.79,18967
Werribee - East,Established areas,-0.005770730439303353,2.77,19124
Manor Lakes - Quandong,Growth corridors,0.16532295431378,1.91,12575
Point Cook - East,Growth corridors,0.0983004134129536,1.49,21519
Point Cook - North East,Growth corridors,0.03441776040212231,2.77,14817
Point Cook - North West,Growth corridors,0.049127876973887916,2.07,10165
Point Cook - South,Growth corridors,0.0625257944696657,1.41,20596
Tarneit (West) - Mount Cottrell,Growth corridors,0.6646956184567662,0.99,17173
Tarneit - Central,Growth corridors,0.0303560187451913,1.9,29462
Tarneit - North,Growth corridors,0.8371934604904632,1.33,13485
Tarneit - South,Growth corridors,0.03500707213578501,2.14,11708
Truganina - North,Growth corridors,0.4963343108504399,1.12,14287
Truganina - South East,Growth corridors,0.09507222620633132,1.22,10689
Truganina - South West,Growth corridors,0.04987363969260921,1.72,20356
Wyndham Vale - North,Growth corridors,0.4317785527462947,1.67,13138
Wyndham Vale - South,Growth corridors,0.0334938704028021,2.54,14163
Laverton,Mixed areas,0.09542214205960663,2.9,12754
Werribee - South,Mixed areas,0.05549017300223608,4.35,17937
Werribee - West,Mixed areas,0.3463775780010576,2.16,30552
