identifier,identifier_type,lga_code,lga_name,slug
banyule,slug,,Banyule,banyule
bayside,slug,,Bayside,bayside
boroondara,slug,,Boroondara,boroondara
brimbank,slug,,Brimbank,brimbank
cardinia,slug,,Cardinia,cardinia
casey,slug,,Casey,casey
darebin,slug,,Darebin,darebin
frankston,slug,,Frankston,frankston
glen-eira,slug,,Glen Eira,glen-eira
greater-dandenong,slug,,Greater Dandenong,greater-dandenong
hobsons-bay,slug,,Hobsons Bay,hobsons-bay
hume,slug,,Hume,hume
kingston,slug,,Kingston,kingston
knox,slug,,Knox,knox
macedon-ranges,slug,,Macedon Ranges,macedon-ranges
manningham,slug,,Manningham,manningham
maribyrnong,slug,,Maribyrnong,maribyrnong
maroondah,slug,,Maroondah,maroondah
melbourne,slug,,Melbourne,melbourne
melton,slug,,Melton,melton
merri-bek,slug,,Merri-bek,merri-bek
mitchell,slug,,Mitchell,mitchell
monash,slug,,Monash,monash
moonee-valley,slug,,Moonee Valley,moonee-valley
moorabool,slug,,Moorabool,moorabool
mornington-peninsula,slug,,Mornington Peninsula,mornington-peninsula
murrindindi,slug,,Murrindindi,murrindindi
nillumbik,slug,,Nillumbik,nillumbik
port-phillip,slug,,Port Phillip,port-phillip
stonnington,slug,,Stonnington,stonnington
whitehorse,slug,,Whitehorse,whitehorse
whittlesea,slug,,Whittlesea,whittlesea
wyndham,slug,,Wyndham,wyndham
yarra,slug,,Yarra,yarra
yarra-ranges,slug,,Yarra Ranges,yarra-ranges
